"Festival Name",Slug,"Primary Focus Keyword","Secondary Keywords","SEO Title","Meta Description",Language,Region,Cluster,"Search Intent","SEO Status"
"Vijayadashami / Dussehra",vijayadasami,"Vijayadashami %currentyear%","Dussehra %currentyear%; Vijayadashami date %currentyear%; Vijay Muhurat %currentyear%; Vijayadashami puja time; Dasara %currentyear%","Vijayadashami %currentyear% – Dussehra Date, Vijay Muhurat & Puja Time | Dharma Jyothi Vedika","Vijayadashami %currentyear% falls on October 20. Check Dussehra date, Aparahna Vijay Muhurat, Shami Puja time, Tithi, Shodashopachara Vidhi, and spiritual significance on Dharma Jyothi Vedika.","English / Telugu / Hindi","Pan-India / Telangana","DEVI / VIJAYA","DATE, PUJA TIME, MUHURAT, VIDHI","Optimized & Active (HTTP 200)"
"Diwali / Deepavali",diwali,"Diwali %currentyear%","Diwali date %currentyear%; Deepavali %currentyear%; Diwali puja time %currentyear%; Lakshmi Puja Muhurat %currentyear%; Diwali puja vidhi","Diwali %currentyear% – Deepavali Date, Lakshmi Puja Time & Muhurat | Dharma Jyothi Vedika","Diwali %currentyear% Lakshmi Puja timings, Pradosha Kaal muhurat, Chopda Pujan, Chhoti Diwali date, and complete traditional Vedic Vidhi calculated for your city on Dharma Jyothi Vedika.","English / Telugu / Hindi",Pan-India,"DEVI / LAKSHMI","PUJA TIME, MUHURAT, DATE, VIDHI","Optimized & Active (HTTP 200)"
"Ganesh Chaturthi / Vinayaka Chavithi",ganesh-chaturthi,"Ganesh Chaturthi %currentyear%","Ganesh Chaturthi date %currentyear%; Vinayaka Chavithi %currentyear%; Ganesh Puja Muhurat %currentyear%; Ganesh Chaturthi Puja Vidhi; Madhyahna Ganesha Puja","Ganesh Chaturthi %currentyear% – Vinayaka Chavithi Date & Puja Muhurat | Dharma Jyothi Vedika","Ganesh Chaturthi %currentyear% Madhyahna Puja muhurat, Vinayaka Chavithi sthapana timings, authentic 16-step Shodashopachara Vidhi, samagri, and significance on Dharma Jyothi Vedika.","English / Telugu / Hindi","Pan-India / Maharashtra / AP / TS",GANESHA,"PUJA TIME, MUHURAT, DATE, VIDHI","Optimized & Active (HTTP 200)"
"Maha Shivaratri",maha-shivaratri,"Maha Shivaratri %currentyear%","Maha Shivaratri date %currentyear%; Maha Shivaratri puja time; Nishita Kaal Puja Muhurat; Shivaratri vrat vidhi; Mahashivratri %currentyear%","Maha Shivaratri %currentyear% – Date, Nishita Kaal Puja Time & Muhurat | Dharma Jyothi Vedika","Maha Shivaratri %currentyear% Nishita Kaal puja timings, 4-Prahar Shiva Abhishekam schedule, fasting rules, Bilvashtakam mantras, and spiritual importance on Dharma Jyothi Vedika.","English / Telugu / Hindi",Pan-India,SHIVA,"DATE, PUJA TIME, MUHURAT, VRAT","Optimized & Active (HTTP 200)"
"Krishna Janmashtami / Gokulashtami",krishna-janmashtami,"Krishna Janmashtami %currentyear%","Janmashtami date %currentyear%; Janmashtami puja time %currentyear%; Nishita Kaal Janmashtami; Gokulashtami %currentyear%; Rohini Nakshatra Janmashtami","Krishna Janmashtami %currentyear% – Gokulashtami Date & Nishita Puja Time | Dharma Jyothi Vedika","Krishna Janmashtami %currentyear% midnight Nishita Kaal puja timings, Ashtami tithi, Rohini nakshatra transit, fasting rules, and Laddu Gopal puja vidhi on Dharma Jyothi Vedika.","English / Telugu / Hindi",Pan-India,"VISHNU / KRISHNA","DATE, PUJA TIME, MUHURAT","Optimized & Active (HTTP 200)"
"Sri Rama Navami",sri-rama-navami,"Sri Rama Navami %currentyear%","Rama Navami date %currentyear%; Ram Navami %currentyear%; Rama Navami puja time; Madhyahna Muhurat Rama Navami; Chaitra Navami Ram Janmotsav","Sri Rama Navami %currentyear% – Date, Madhyahna Puja Muhurat & Timings | Dharma Jyothi Vedika","Sri Rama Navami %currentyear% Madhyahna Janmotsav muhurat, Abhijit timings, Sitarama Kalyanam schedule, and authentic puja vidhi calculated on Dharma Jyothi Vedika.","English / Telugu / Hindi","Pan-India / Bhadrachalam / Ayodhya","VISHNU / RAMA","DATE, PUJA TIME, MUHURAT","Optimized & Active (HTTP 200)"
"Makar Sankranti / Pongal / Pedda Panduga",makar-sankranti,"Makar Sankranti %currentyear%","Makar Sankranti date %currentyear%; Sankranti %currentyear%; Makar Sankranti Punya Kaal %currentyear%; Pongal %currentyear%; Pedda Panduga %currentyear%","Makar Sankranti %currentyear% – Date, Punya Kaal Muhurat & Snan Timings | Dharma Jyothi Vedika","Makar Sankranti %currentyear% exact Sun transit into Makara Rashi, Maha Punya Kaal timings, sacred snan muhurat, Pongal dates, and regional traditions on Dharma Jyothi Vedika.","English / Telugu / Hindi","Pan-India / AP / TS / Tamil Nadu",SURYA,"DATE, MUHURAT, REGIONAL","Optimized & Active (HTTP 200)"
"Ugadi / Telugu New Year",ugadi,"Ugadi %currentyear%","Ugadi date %currentyear%; Telugu New Year %currentyear%; Gudi Padwa %currentyear%; Panchanga Sravanam Ugadi; Chaitra Shukla Pratipada","Ugadi %currentyear% – Telugu New Year Date, Muhurat & Panchanga Sravanam | Dharma Jyothi Vedika","Ugadi %currentyear% Vedic New Year date, Chaitra Pratipada timings, Ugadi Pachadi significance, and new year Panchanga Sravanam guidelines on Dharma Jyothi Vedika.","English / Telugu / Hindi","Andhra Pradesh / Telangana / Karnataka","NEW YEAR","DATE, SIGNIFICANCE, REGIONAL","Optimized & Active (HTTP 200)"
"Raksha Bandhan",raksha-bandhan,"Raksha Bandhan %currentyear%","Raksha Bandhan date %currentyear%; Rakhi date %currentyear%; Raksha Bandhan muhurat %currentyear%; Rakhi tying time; Bhadra free muhurat","Raksha Bandhan %currentyear% – Rakhi Date, Auspicious Muhurat & Timings | Dharma Jyothi Vedika","Raksha Bandhan %currentyear% Bhadra-free auspicious Rakhi tying muhurat, Aparahna timings, Shravana Purnima details, and sacred vidhi on Dharma Jyothi Vedika.","English / Telugu / Hindi",Pan-India,"VEDIC OBSERVANCE","DATE, MUHURAT","Optimized & Active (HTTP 200)"
"Shardiya Navratri",navaratri,"Shardiya Navratri %currentyear%","Navratri %currentyear%; Navratri dates %currentyear%; Ghatasthapana Muhurat %currentyear%; Navratri puja vidhi; 9 Goddess forms schedule","Shardiya Navratri %currentyear% – Dates, Ghatasthapana Muhurat & Calendar | Dharma Jyothi Vedika","Shardiya Navratri %currentyear% Ghatasthapana kalash muhurat, day-by-day 9 Devi avatar schedule, Durga Ashtami, and Maha Navami timings calculated on Dharma Jyothi Vedika.","English / Telugu / Hindi","Pan-India / Gujarat / Bengal","DEVI / DURGA","DATE, MUHURAT, VIDHI","Optimized & Active (HTTP 200)"
"Durga Ashtami (Maha Ashtami)",durga-ashtami,"Durga Ashtami (Maha Ashtami) %currentyear%",,"Durga Ashtami (Maha Ashtami) %currentyear% – Date, Puja Time & Muhurat | Dharma Jyothi Vedika","Durga Ashtami (Maha Ashtami) %currentyear% date, auspicious puja timings, muhurat, tithi, vidhi, and spiritual significance. Calculate for your city on Dharma Jyothi Vedika.","English / Telugu / Hindi","Pan-India / Bengal","DEVI / DURGA","DATE, PUJA TIME, MUHURAT","Optimized & Active (HTTP 200)"
"Maha Navami",maha-navami,"Maha Navami %currentyear%",,"Maha Navami %currentyear% – Date, Puja Time & Muhurat | Dharma Jyothi Vedika","Maha Navami %currentyear% date, auspicious puja timings, muhurat, tithi, vidhi, and spiritual significance. Calculate for your city on Dharma Jyothi Vedika.","English / Telugu / Hindi",Pan-India,"DEVI / DURGA","DATE, PUJA TIME, MUHURAT","Optimized & Active (HTTP 200)"
"Varalakshmi Vratham",varalakshmi-vratham,"Varalakshmi Vratham %currentyear%","Varalakshmi Vratam date %currentyear%; Varalakshmi Puja Muhurat %currentyear%; Varalakshmi Vratham Vidhi; Sravana Shukravaram; Lakshmi Vrat Katha","Varalakshmi Vratham %currentyear% – Date, Auspicious Puja Muhurat & Vidhi | Dharma Jyothi Vedika","Varalakshmi Vratham %currentyear% Sravana Friday dates, Lagna puja muhurats (Simha/Vrishabha), Kalasha sthapana procedure, samagri, and vratha katha on Dharma Jyothi Vedika.","English / Telugu / Hindi","Andhra Pradesh / Telangana / Karnataka / TN","DEVI / LAKSHMI","DATE, PUJA TIME, MUHURAT, VIDHI","Optimized & Active (HTTP 200)"
"Bathukamma (Floral Festival)",bathukamma,"Bathukamma %currentyear%","Bathukamma date %currentyear%; Engili Pula Bathukamma %currentyear%; Saddula Bathukamma %currentyear%; Telangana Bathukamma; Floral festival dates","Bathukamma %currentyear% – Telangana Floral Festival Dates & Calendar | Dharma Jyothi Vedika","Bathukamma %currentyear% 9-day floral festival schedule, Engili Pula Bathukamma date, Saddula Bathukamma grand finale, and authentic traditions on Dharma Jyothi Vedika.","English / Telugu / Hindi",Telangana,"DEVI / REGIONAL","DATE, REGIONAL, SIGNIFICANCE","Optimized & Active (HTTP 200)"
"Saddula Bathukamma (Grand Finale)",saddula-bathukamma,"Saddula Bathukamma (Grand Finale) %currentyear%",,"Saddula Bathukamma (Grand Finale) %currentyear% – Date, Puja Time & Muhurat | Dharma Jyothi Vedika","Saddula Bathukamma (Grand Finale) %currentyear% date, auspicious puja timings, muhurat, tithi, vidhi, and spiritual significance. Calculate for your city on Dharma Jyothi Vedika.","English / Telugu / Hindi",Telangana,"DEVI / REGIONAL","DATE, PUJA TIME, MUHURAT","Optimized & Active (HTTP 200)"
"Hanuman Jayanti",hanuman-jayanti,"Hanuman Jayanti %currentyear%","Hanuman Jayanti date %currentyear%; Hanuman Jayanti puja time %currentyear%; Telugu Hanuman Jayanti; Chaitra Purnima Hanuman Jayanti; Sundarakanda Parayana","Hanuman Jayanti %currentyear% – Date, Puja Muhurat & Chaitra Purnima | Dharma Jyothi Vedika","Hanuman Jayanti %currentyear% Chaitra Purnima and Vaishakha 41-day deeksha dates, auspicious puja muhurat, Sindoor offering vidhi, and Hanuman Chalisa on Dharma Jyothi Vedika.","English / Telugu / Hindi","Pan-India / Andhra Pradesh / Telangana",HANUMAN,"DATE, PUJA TIME","Optimized & Active (HTTP 200)"
"Akshaya Tritiya",akshaya-tritiya,"Akshaya Tritiya %currentyear%","Akshaya Tritiya date %currentyear%; Gold buying muhurat %currentyear%; Akshaya Tritiya puja time; Akha Teej %currentyear%; Vaishakha Tritiya","Akshaya Tritiya %currentyear% – Date, Gold Buying Muhurat & Puja Time | Dharma Jyothi Vedika","Akshaya Tritiya %currentyear% exact gold purchase shubh muhurat, Lakshmi Kuber puja timings, Rohini nakshatra details, and charity significance on Dharma Jyothi Vedika.","English / Telugu / Hindi",Pan-India,"DEVI / LAKSHMI","DATE, MUHURAT","Optimized & Active (HTTP 200)"
"Guru Purnima / Vyasa Purnima",guru-purnima,"Guru Purnima %currentyear%","Guru Purnima date %currentyear%; Vyasa Purnima %currentyear%; Guru Purnima puja vidhi; Guru Puja muhurat; Ashadha Purnima","Guru Purnima %currentyear% – Vyasa Purnima Date & Guru Puja Muhurat | Dharma Jyothi Vedika","Guru Purnima %currentyear% Ashadha Purnima date, Vyasa Puja timings, spiritual significance, disciple fasting guidelines, and Paduka puja vidhi on Dharma Jyothi Vedika.","English / Telugu / Hindi",Pan-India,"GURU / VEDIC","DATE, SIGNIFICANCE","Optimized & Active (HTTP 200)"
"Devshayani Ashadha Ekadashi (Toli Ekadashi)",ashadha-ekadashi,"Devshayani Ekadashi %currentyear%","Ashadha Ekadashi date %currentyear%; Pandharpur Wari %currentyear%; Chaturmas start date; Shayana Ekadashi fasting rules; Ekadashi parana time","Devshayani Ashadha Ekadashi %currentyear% – Date, Parana Time & Muhurat | Dharma Jyothi Vedika","Devshayani Ekadashi (Ashadha Shukla Ekadashi) %currentyear% fasting dates, Chaturmas commencement, Pandharpur Ashadhi Wari, and Parana timings on Dharma Jyothi Vedika.","English / Telugu / Hindi","Pan-India / Maharashtra / AP / TS","VISHNU / EKADASHI","DATE, SIGNIFICANCE, VRAT","Optimized & Active (HTTP 200)"
"Karthika Purnima / Dev Diwali / Tripurari",karthika-purnima,"Karthika Purnima %currentyear%","Karthika Deepam %currentyear%; Tripurari Purnima %currentyear%; Dev Deepawali %currentyear%; Karthika Pournami date; 365 wicks lighting time","Karthika Purnima %currentyear% – Tripurari Purnima Date & Deepam Muhurat | Dharma Jyothi Vedika","Karthika Purnima %currentyear% Dev Diwali timings, 365 wicks deepam lighting muhurat, Tripurari Shiva puja, and sacred river snan timings on Dharma Jyothi Vedika.","English / Telugu / Hindi","Pan-India / Varanasi / AP / TS","SHIVA / DEVI","DATE, PUJA TIME, MUHURAT","Optimized & Active (HTTP 200)"
"Karthika Deepam (Tiruvannamalai)",karthika-deepam,"Karthika Deepam (Tiruvannamalai) %currentyear%",,"Karthika Deepam (Tiruvannamalai) %currentyear% – Date, Puja Time & Muhurat | Dharma Jyothi Vedika","Karthika Deepam (Tiruvannamalai) %currentyear% date, auspicious puja timings, muhurat, tithi, vidhi, and spiritual significance. Calculate for your city on Dharma Jyothi Vedika.","English / Telugu / Hindi","Tamil Nadu / Andhra Pradesh / Telangana",SHIVA,"DATE, PUJA TIME, MUHURAT","Alias / Canonical Master"
"Arudra Darisanam (Margazhi Thiruvathirai)",arudra-darisanam,"Arudra Darisanam %currentyear%","Arudra Darisanam date %currentyear%; Margazhi Thiruvathirai %currentyear%; Chidambaram Nataraja Abhishekam; Ardra Darshan %currentyear%; Thiruvathirai Kali","Arudra Darisanam %currentyear% – Margazhi Thiruvathirai Date & Muhurat | Dharma Jyothi Vedika","Arudra Darisanam %currentyear% Ardra nakshatra cosmic dance celebration, Chidambaram Maha Abhishekam timings, Thiruvathirai Kali vidhi, and significance on Dharma Jyothi Vedika.","English / Telugu / Hindi","Tamil Nadu / Kerala / Chidambaram",SHIVA,"DATE, REGIONAL, SIGNIFICANCE","Optimized & Active (HTTP 200)"
"Banashankari Jatre (Badami)",banashankari-jatre,"Banashankari Jatre %currentyear%","Banashankari Jatre date %currentyear%; Badami Banashankari Fair; Paush Purnima Banashankari; Karnataka Jatre %currentyear%; Banashankari Amma Rathotsava","Banashankari Jatre (Badami) %currentyear% – Dates, Fair Schedule & Muhurat | Dharma Jyothi Vedika","Banashankari Jatre %currentyear% Badami Pausha Purnima rathotsava dates, Shakambhari Devi temple fair schedule, and historical significance on Dharma Jyothi Vedika.","English / Telugu / Hindi","Karnataka (Badami)","DEVI / REGIONAL","DATE, REGIONAL","Optimized & Active (HTTP 200)"
"Pausha Purnima (Shakambhari Purnima)",pausha-purnima,"Pausha Purnima %currentyear%","Paush Purnima date %currentyear%; Shakambhari Purnima %currentyear%; Magh Snan Paush Purnima; Pausha Purnima snan muhurat; Satyanarayan puja time","Pausha Purnima %currentyear% – Shakambhari Purnima Date & Snan Muhurat | Dharma Jyothi Vedika","Pausha Purnima %currentyear% holy river bath (Snan) timings, Shakambhari Jayanti celebration, Satyanarayana Swamy puja vidhi, and dana significance on Dharma Jyothi Vedika.","English / Telugu / Hindi","Pan-India / Prayagraj","PURNIMA / VEDIC","DATE, MUHURAT","Optimized & Active (HTTP 200)"
"Bonalu (Telangana Mahankali Festival)",bonalu,"Bonalu %currentyear%","Bonalu festival date %currentyear%; Golconda Bonalu %currentyear%; Lashkar Bonalu Secunderabad; Ujjaini Mahankali Bonalu; Ashadha Bonalu schedule","Bonalu %currentyear% – Telangana Mahankali Festival Dates & Calendar | Dharma Jyothi Vedika","Ashadha Bonalu %currentyear% temple schedule, Golconda, Ujjaini Mahankali (Secunderabad), and Lal Darwaza Bonalu dates, bonam offering rituals, and traditions on Dharma Jyothi Vedika.","English / Telugu / Hindi","Telangana (Hyderabad / Secunderabad)","DEVI / REGIONAL","DATE, REGIONAL, SIGNIFICANCE","Optimized & Active (HTTP 200)"
"Shani Pradosham (Saturday Twilight Fast)",shani-pradosham-special,"Shani Pradosham (Saturday Twilight Fast) %currentyear%",,"Shani Pradosham (Saturday Twilight Fast) %currentyear% – Date, Puja Time & Muhurat | Dharma Jyothi Vedika","Shani Pradosham (Saturday Twilight Fast) %currentyear% date, auspicious puja timings, muhurat, tithi, vidhi, and spiritual significance. Calculate for your city on Dharma Jyothi Vedika.","English / Telugu / Hindi",Pan-India,SHIVA,"DATE, PUJA TIME, MUHURAT","Optimized & Active (HTTP 200)"
"Soma Pradosham (Monday Twilight Fast)",somavara-pradosham-special,"Soma Pradosham (Monday Twilight Fast) %currentyear%",,"Soma Pradosham (Monday Twilight Fast) %currentyear% – Date, Puja Time & Muhurat | Dharma Jyothi Vedika","Soma Pradosham (Monday Twilight Fast) %currentyear% date, auspicious puja timings, muhurat, tithi, vidhi, and spiritual significance. Calculate for your city on Dharma Jyothi Vedika.","English / Telugu / Hindi",Pan-India,SHIVA,"DATE, PUJA TIME, MUHURAT","Optimized & Active (HTTP 200)"
"Bhauma Pradosham (Tuesday Twilight Fast)",bhauma-pradosham-special,"Bhauma Pradosham (Tuesday Twilight Fast) %currentyear%",,"Bhauma Pradosham (Tuesday Twilight Fast) %currentyear% – Date, Puja Time & Muhurat | Dharma Jyothi Vedika","Bhauma Pradosham (Tuesday Twilight Fast) %currentyear% date, auspicious puja timings, muhurat, tithi, vidhi, and spiritual significance. Calculate for your city on Dharma Jyothi Vedika.","English / Telugu / Hindi",Pan-India,SHIVA,"DATE, PUJA TIME, MUHURAT","Optimized & Active (HTTP 200)"
"Pausha Shukla Pradosham",pausha-shukla-pradosham,"Pausha Shukla Pradosham %currentyear%",,"Pausha Shukla Pradosham %currentyear% – Date, Puja Time & Muhurat | Dharma Jyothi Vedika","Pausha Shukla Pradosham %currentyear% date, auspicious puja timings, muhurat, tithi, vidhi, and spiritual significance. Calculate for your city on Dharma Jyothi Vedika.","English / Telugu / Hindi",Pan-India,SHIVA,"DATE, PUJA TIME, MUHURAT","Optimized & Active (HTTP 200)"
"Pausha Krishna Pradosham",pausha-krishna-pradosham,"Pausha Krishna Pradosham %currentyear%",,"Pausha Krishna Pradosham %currentyear% – Date, Puja Time & Muhurat | Dharma Jyothi Vedika","Pausha Krishna Pradosham %currentyear% date, auspicious puja timings, muhurat, tithi, vidhi, and spiritual significance. Calculate for your city on Dharma Jyothi Vedika.","English / Telugu / Hindi",Pan-India,SHIVA,"DATE, PUJA TIME, MUHURAT","Optimized & Active (HTTP 200)"
"Palani Thai Poosam Kavadi Thiruvizha",kavadi-attavam-palani,"Palani Thai Poosam Kavadi Thiruvizha %currentyear%",,"Palani Thai Poosam Kavadi Thiruvizha %currentyear% – Date, Puja Time & Muhurat | Dharma Jyothi Vedika","Palani Thai Poosam Kavadi Thiruvizha %currentyear% date, auspicious puja timings, muhurat, tithi, vidhi, and spiritual significance. Calculate for your city on Dharma Jyothi Vedika.","English / Telugu / Hindi","Tamil Nadu (Palani)",MURUGAN,"DATE, PUJA TIME, MUHURAT","Optimized & Active (HTTP 200)"
Thaipusam,thaipusam,"Thaipusam %currentyear%",,"Thaipusam %currentyear% – Date, Puja Time & Muhurat | Dharma Jyothi Vedika","Thaipusam %currentyear% date, auspicious puja timings, muhurat, tithi, vidhi, and spiritual significance. Calculate for your city on Dharma Jyothi Vedika.","English / Telugu / Hindi","Tamil Nadu / Kerala",MURUGAN,"DATE, PUJA TIME, MUHURAT","Optimized & Active (HTTP 200)"
"Bhagavan Sri Ramana Maharshi Jayanti",ramana-maharshi-jayanti,"Bhagavan Sri Ramana Maharshi Jayanti %currentyear%",,"Bhagavan Sri Ramana Maharshi Jayanti %currentyear% – Date, Puja Time & Muhurat | Dharma Jyothi Vedika","Bhagavan Sri Ramana Maharshi Jayanti %currentyear% date, auspicious puja timings, muhurat, tithi, vidhi, and spiritual significance. Calculate for your city on Dharma Jyothi Vedika.","English / Telugu / Hindi","Pan-India / Tiruvannamalai","VEDIC / SAGE","DATE, PUJA TIME, MUHURAT","Optimized & Active (HTTP 200)"
"Narasimha Jayanti",narasimha-jayanti,"Narasimha Jayanti %currentyear%",,"Narasimha Jayanti %currentyear% – Date, Puja Time & Muhurat | Dharma Jyothi Vedika","Narasimha Jayanti %currentyear% date, auspicious puja timings, muhurat, tithi, vidhi, and spiritual significance. Calculate for your city on Dharma Jyothi Vedika.","English / Telugu / Hindi","Pan-India / AP / TS","VISHNU / NARASIMHA","DATE, PUJA TIME, MUHURAT","Optimized & Active (HTTP 200)"
"Skanda Sashti / Soorasamharam",skanda-sashti,"Skanda Sashti / Soorasamharam %currentyear%",,"Skanda Sashti / Soorasamharam %currentyear% – Date, Puja Time & Muhurat | Dharma Jyothi Vedika","Skanda Sashti / Soorasamharam %currentyear% date, auspicious puja timings, muhurat, tithi, vidhi, and spiritual significance. Calculate for your city on Dharma Jyothi Vedika.","English / Telugu / Hindi","Tamil Nadu / Kerala",MURUGAN,"DATE, PUJA TIME, MUHURAT","Alias / Canonical Master"
"Chaitra Navratri / Vasant Navratri",chaitra-navratri,"Chaitra Navratri / Vasant Navratri %currentyear%",,"Chaitra Navratri / Vasant Navratri %currentyear% – Date, Puja Time & Muhurat | Dharma Jyothi Vedika","Chaitra Navratri / Vasant Navratri %currentyear% date, auspicious puja timings, muhurat, tithi, vidhi, and spiritual significance. Calculate for your city on Dharma Jyothi Vedika.","English / Telugu / Hindi",Pan-India,"DEVI / DURGA","DATE, PUJA TIME, MUHURAT","Alias / Canonical Master"
"Nag Panchami",nag-panchami,"Nag Panchami %currentyear%",,"Nag Panchami %currentyear% – Date, Puja Time & Muhurat | Dharma Jyothi Vedika","Nag Panchami %currentyear% date, auspicious puja timings, muhurat, tithi, vidhi, and spiritual significance. Calculate for your city on Dharma Jyothi Vedika.","English / Telugu / Hindi","Pan-India / AP / TS / Maharashtra","NAGA DEVATA","DATE, PUJA TIME, MUHURAT","Optimized & Active (HTTP 200)"
"Bhishma Ekadashi (Vishnu Sahasranama Jayanti)",bhishma-ekadashi,"Bhishma Ekadashi (Vishnu Sahasranama Jayanti) %currentyear%",,"Bhishma Ekadashi (Vishnu Sahasranama Jayanti) %currentyear% – Date, Puja Time & Muhurat | Dharma Jyothi Vedika","Bhishma Ekadashi (Vishnu Sahasranama Jayanti) %currentyear% date, auspicious puja timings, muhurat, tithi, vidhi, and spiritual significance. Calculate for your city on Dharma Jyothi Vedika.","English / Telugu / Hindi","Pan-India / AP / TS","VISHNU / EKADASHI","DATE, PUJA TIME, MUHURAT","Alias / Canonical Master"
"Ganga Dussehra",ganga-dussehra,"Ganga Dussehra %currentyear%",,"Ganga Dussehra %currentyear% – Date, Puja Time & Muhurat | Dharma Jyothi Vedika","Ganga Dussehra %currentyear% date, auspicious puja timings, muhurat, tithi, vidhi, and spiritual significance. Calculate for your city on Dharma Jyothi Vedika.","English / Telugu / Hindi","Pan-India / Haridwar / Varanasi","GANGA / DEVI","DATE, PUJA TIME, MUHURAT","Optimized & Active (HTTP 200)"
"Vat Purnima (Vat Savitri Vrat)",vat-purnima-maharashtra,"Vat Purnima (Vat Savitri Vrat) %currentyear%",,"Vat Purnima (Vat Savitri Vrat) %currentyear% – Date, Puja Time & Muhurat | Dharma Jyothi Vedika","Vat Purnima (Vat Savitri Vrat) %currentyear% date, auspicious puja timings, muhurat, tithi, vidhi, and spiritual significance. Calculate for your city on Dharma Jyothi Vedika.","English / Telugu / Hindi","Maharashtra / Gujarat / Karnataka","DEVI / SAVITRI","DATE, PUJA TIME, MUHURAT","Optimized & Active (HTTP 200)"
"Karwa Chauth (Karak Chaturthi)",karwa-chauth,"Karwa Chauth (Karak Chaturthi) %currentyear%",,"Karwa Chauth (Karak Chaturthi) %currentyear% – Date, Puja Time & Muhurat | Dharma Jyothi Vedika","Karwa Chauth (Karak Chaturthi) %currentyear% date, auspicious puja timings, muhurat, tithi, vidhi, and spiritual significance. Calculate for your city on Dharma Jyothi Vedika.","English / Telugu / Hindi","North India",VRAT,"DATE, PUJA TIME, MUHURAT","Optimized & Active (HTTP 200)"
"Ahoi Ashtami",ahoi-ashtami,"Ahoi Ashtami %currentyear%",,"Ahoi Ashtami %currentyear% – Date, Puja Time & Muhurat | Dharma Jyothi Vedika","Ahoi Ashtami %currentyear% date, auspicious puja timings, muhurat, tithi, vidhi, and spiritual significance. Calculate for your city on Dharma Jyothi Vedika.","English / Telugu / Hindi","North India",VRAT,"DATE, PUJA TIME, MUHURAT","Alias / Canonical Master"
"Dhanteras (Dhantrayodashi)",dhanteras,"Dhanteras (Dhantrayodashi) %currentyear%",,"Dhanteras (Dhantrayodashi) %currentyear% – Date, Puja Time & Muhurat | Dharma Jyothi Vedika","Dhanteras (Dhantrayodashi) %currentyear% date, auspicious puja timings, muhurat, tithi, vidhi, and spiritual significance. Calculate for your city on Dharma Jyothi Vedika.","English / Telugu / Hindi",Pan-India,"LAKSHMI / DHANVANTARI","DATE, PUJA TIME, MUHURAT","Optimized & Active (HTTP 200)"
"Govardhan Puja (Annakut)",govardhan-puja,"Govardhan Puja (Annakut) %currentyear%",,"Govardhan Puja (Annakut) %currentyear% – Date, Puja Time & Muhurat | Dharma Jyothi Vedika","Govardhan Puja (Annakut) %currentyear% date, auspicious puja timings, muhurat, tithi, vidhi, and spiritual significance. Calculate for your city on Dharma Jyothi Vedika.","English / Telugu / Hindi","Pan-India / Mathura / Vrindavan",KRISHNA,"DATE, PUJA TIME, MUHURAT","Optimized & Active (HTTP 200)"
"Bhai Dooj (Yama Dwitiya)",bhai-dooj,"Bhai Dooj (Yama Dwitiya) %currentyear%",,"Bhai Dooj (Yama Dwitiya) %currentyear% – Date, Puja Time & Muhurat | Dharma Jyothi Vedika","Bhai Dooj (Yama Dwitiya) %currentyear% date, auspicious puja timings, muhurat, tithi, vidhi, and spiritual significance. Calculate for your city on Dharma Jyothi Vedika.","English / Telugu / Hindi",Pan-India,"YAMA / OBSERVANCE","DATE, PUJA TIME, MUHURAT","Optimized & Active (HTTP 200)"
"Chhath Puja (Surya Shashthi)",chhath-puja,"Chhath Puja (Surya Shashthi) %currentyear%",,"Chhath Puja (Surya Shashthi) %currentyear% – Date, Puja Time & Muhurat | Dharma Jyothi Vedika","Chhath Puja (Surya Shashthi) %currentyear% date, auspicious puja timings, muhurat, tithi, vidhi, and spiritual significance. Calculate for your city on Dharma Jyothi Vedika.","English / Telugu / Hindi","Bihar / UP / Pan-India","SURYA / CHHATHI MAIYA","DATE, PUJA TIME, MUHURAT","Alias / Canonical Master"
"Dattatreya Jayanti",dattatreya-jayanti,"Dattatreya Jayanti %currentyear%",,"Dattatreya Jayanti %currentyear% – Date, Puja Time & Muhurat | Dharma Jyothi Vedika","Dattatreya Jayanti %currentyear% date, auspicious puja timings, muhurat, tithi, vidhi, and spiritual significance. Calculate for your city on Dharma Jyothi Vedika.","English / Telugu / Hindi","Maharashtra / Karnataka / AP / TS","TRIMURTI / DATTA","DATE, PUJA TIME, MUHURAT","Alias / Canonical Master"
"Gita Jayanti (Mokshada Ekadashi)",gita-jayanti,"Gita Jayanti (Mokshada Ekadashi) %currentyear%",,"Gita Jayanti (Mokshada Ekadashi) %currentyear% – Date, Puja Time & Muhurat | Dharma Jyothi Vedika","Gita Jayanti (Mokshada Ekadashi) %currentyear% date, auspicious puja timings, muhurat, tithi, vidhi, and spiritual significance. Calculate for your city on Dharma Jyothi Vedika.","English / Telugu / Hindi","Pan-India / Kurukshetra","KRISHNA / GITA","DATE, PUJA TIME, MUHURAT","Alias / Canonical Master"
"Sharad Purnima (Kojagiri Purnima)",sharad-purnima,"Sharad Purnima (Kojagiri Purnima) %currentyear%",,"Sharad Purnima (Kojagiri Purnima) %currentyear% – Date, Puja Time & Muhurat | Dharma Jyothi Vedika","Sharad Purnima (Kojagiri Purnima) %currentyear% date, auspicious puja timings, muhurat, tithi, vidhi, and spiritual significance. Calculate for your city on Dharma Jyothi Vedika.","English / Telugu / Hindi",Pan-India,"LAKSHMI / CHANDRA","DATE, PUJA TIME, MUHURAT","Alias / Canonical Master"
"Radhashtami (Radha Jayanti)",radhashtami,"Radhashtami (Radha Jayanti) %currentyear%",,"Radhashtami (Radha Jayanti) %currentyear% – Date, Puja Time & Muhurat | Dharma Jyothi Vedika","Radhashtami (Radha Jayanti) %currentyear% date, auspicious puja timings, muhurat, tithi, vidhi, and spiritual significance. Calculate for your city on Dharma Jyothi Vedika.","English / Telugu / Hindi","Vrindavan / Barsana / Pan-India","DEVI / RADHA","DATE, PUJA TIME, MUHURAT","Alias / Canonical Master"
